{
    "reaction_temperature": [
        95.739900550483981,
        226.84433189881386,
        357.94876324714375,
        489.05319459547366
    ],
    "reaction_time": [
        747.10398693817888,
        2308.0652041566073,
        3869.0264213750356,
        5429.987638593464
    ],
    "reaction_pH": [
        1.508868879866502,
        4.2702780650350451,
        7.0316872502035883,
        9.7930964353721315
    ],
    "pre_heat_standing": [
        270.60000000000002,
        620.01814492095286,
        969.4362898419057
    ],
    "teflon_pouch": [
        0,
        1
    ],
    "leak": [
        0,
        1
    ],
    "slow_cool": [
        0,
        1
    ],
    "oil_bath": [
        0,
        1
    ]
}