{
    "Reaction 1": {
        "compounds": [
            "Sodium metavanadate",
            "Sodium tellurite",
            "Pyrimidin-2,4,6-triamin"
        ],
        "amounts": [
            2.432695087131013360088715214,
            2.074499319823648146180813768,
            3.957651886453927976419325900
        ]
    },
    "Reaction 2": {
        "compounds": [
            "Sodium metavanadate",
            "Sodium tellurite",
            "N,N,N′,N′-Tetramethyl-1,3-propanediamine"
        ],
        "amounts": [
            2.432695087131013360088715214,
            2.074499319823648146180813768,
            4.758421518906125242386221056
        ]
    }
}